Order_ID,Order_Date,Product,Category,Region,Customer_Segment,Quantity,Unit_Price,Discount,Sales,Cost,Profit,order date,Month
ORD10034,2025-01-01,Tablet,Electronics,West,Corporate,2,22000.0,0.0,44000.0,28122.29,15877.71,2025-01-01,2025-01
ORD10391,2025-01-01,Office Chair,Furniture,South,Small Business,8,8500.0,0.0,68000.0,49784.98,18215.02,2025-01-01,2025-01
ORD10167,2025-01-01,Desk,Furniture,South,Corporate,9,11000.0,0.05,94050.0,69965.45,24084.55,2025-01-01,2025-01
ORD10526,2025-01-03,Office Chair,Furniture,West,Small Business,8,8500.0,0.0,68000.0,45677.24,22322.76,2025-01-03,2025-01
ORD10246,2025-01-07,Printer,Office,South,Small Business,8,12000.0,0.0,96000.0,71307.52,24692.48,2025-01-07,2025-01
ORD10108,2025-01-08,Printer,Office,East,Consumer,3,12000.0,0.0,36000.0,27422.96,8577.04,2025-01-08,2025-01
ORD10449,2025-01-10,Laptop,Electronics,South,Consumer,2,55000.0,0.0,110000.0,85041.28,24958.72,2025-01-10,2025-01
ORD10465,2025-01-12,Desk,Furniture,East,Small Business,2,11000.0,0.1,19800.0,14056.97,5743.03,2025-01-12,2025-01
ORD10574,2025-01-12,Printer,Office,North,Small Business,2,12000.0,0.0,24000.0,15610.1,8389.9,2025-01-12,2025-01
ORD10365,2025-01-13,Keyboard,Accessories,West,Consumer,1,1500.0,0.05,1425.0,1156.55,268.45,2025-01-13,2025-01
ORD10512,2025-01-13,Office Chair,Furniture,East,Small Business,8,8500.0,0.05,64600.0,52270.42,12329.58,2025-01-13,2025-01
ORD10494,2025-01-13,Headphones,Accessories,West,Corporate,2,2500.0,0.0,5000.0,3449.51,1550.49,2025-01-13,2025-01
ORD10424,2025-01-13,Headphones,Accessories,South,Small Business,6,2500.0,0.0,15000.0,11063.31,3936.69,2025-01-13,2025-01
ORD10453,2025-01-14,Laptop,Electronics,South,Corporate,6,55000.0,0.0,330000.0,254190.76,75809.24,2025-01-14,2025-01
ORD10090,2025-01-16,Tablet,Electronics,East,Consumer,2,22000.0,0.05,41800.0,28821.7,12978.3,2025-01-16,2025-01
ORD10552,2025-01-17,Tablet,Electronics,South,Consumer,10,22000.0,0.0,220000.0,159426.5,60573.5,2025-01-17,2025-01
ORD10169,2025-01-19,Headphones,Accessories,North,Consumer,8,2500.0,0.1,18000.0,11707.29,6292.71,2025-01-19,2025-01
ORD10381,2025-01-19,Laptop,Electronics,unknown,Consumer,4,55000.0,0.1,198000.0,147295.74,50704.26,2025-01-19,2025-01
ORD10341,2025-01-20,Headphones,Accessories,North,Corporate,2,2500.0,0.05,4750.0,3549.48,1200.52,2025-01-20,2025-01
ORD10370,2025-01-22,Headphones,Accessories,North,Consumer,5,2500.0,0.1,11250.0,8947.46,2302.54,2025-01-22,2025-01
ORD10458,2025-01-22,Tablet,Electronics,East,Small Business,6,22000.0,0.05,125400.0,84825.25,40574.75,2025-01-22,2025-01
ORD10492,2025-01-23,Headphones,Accessories,North,Small Business,6,2500.0,0.05,14250.0,11605.22,2644.78,2025-01-23,2025-01
ORD10239,2025-01-23,Office Chair,Furniture,South,Consumer,4,8500.0,0.15,28900.0,18140.1,10759.9,2025-01-23,2025-01
ORD10445,2025-01-23,Printer,Office,West,Consumer,10,12000.0,0.1,108000.0,82683.49,25316.51,2025-01-23,2025-01
ORD10390,2025-01-25,Headphones,Accessories,North,Consumer,10,2500.0,0.05,23750.0,17392.05,6357.95,2025-01-25,2025-01
ORD10117,2025-01-26,Desk,Furniture,South,Corporate,3,11000.0,0.05,31350.0,21926.07,9423.93,2025-01-26,2025-01
ORD10432,2025-01-27,Desk,Furniture,West,Small Business,5,11000.0,0.05,52250.0,37808.92,14441.08,2025-01-27,2025-01
ORD10527,2025-01-28,Headphones,Accessories,East,Corporate,2,2500.0,0.1,4500.0,2938.24,1561.76,2025-01-28,2025-01
ORD10459,2025-01-30,Smartphone,Electronics,East,Corporate,5,28000.0,0.0,140000.0,94127.76,45872.24,2025-01-30,2025-01
ORD10230,2025-01-30,Office Chair,Furniture,South,Small Business,5,8500.0,0.15,36125.0,28069.24,8055.76,2025-01-30,2025-01
ORD10516,2025-01-31,Desk,Furniture,North,Corporate,3,11000.0,0.05,31350.0,22018.77,9331.23,2025-01-31,2025-01
ORD10264,2025-01-31,Tablet,Electronics,South,Corporate,3,22000.0,0.1,59400.0,46030.88,13369.12,2025-01-31,2025-01
ORD10442,2025-01-31,Smartphone,Electronics,West,Small Business,3,28000.0,0.0,84000.0,60193.88,23806.12,2025-01-31,2025-01
ORD10571,2025-02-02,Smartphone,Electronics,West,Small Business,8,28000.0,0.15,190400.0,125063.28,65336.72,2025-02-02,2025-02
ORD10104,2025-02-04,Headphones,Accessories,East,Corporate,6,2500.0,0.05,14250.0,10987.52,3262.48,2025-02-04,2025-02
ORD10285,2025-02-04,Mouse,Accessories,West,Small Business,10,800.0,0.0,8000.0,5027.12,2972.88,2025-02-04,2025-02
ORD10095,2025-02-04,Headphones,Accessories,South,Consumer,1,2500.0,0.0,2500.0,1749.66,750.34,2025-02-04,2025-02
ORD10237,2025-02-10,Headphones,Accessories,North,Consumer,6,2500.0,0.1,13500.0,9057.61,4442.39,2025-02-10,2025-02
ORD10193,2025-02-10,Printer,Office,West,Consumer,3,12000.0,0.05,34200.0,22098.06,12101.94,2025-02-10,2025-02
ORD10016,2025-02-10,Keyboard,Accessories,North,Corporate,8,1500.0,0.0,12000.0,8426.47,3573.53,2025-02-10,2025-02
ORD10085,2025-02-10,Printer,Office,North,Consumer,10,12000.0,0.1,108000.0,71300.17,36699.83,2025-02-10,2025-02
ORD10162,2025-02-10,Printer,Office,North,Consumer,1,12000.0,0.1,10800.0,7789.27,3010.73,2025-02-10,2025-02
ORD10544,2025-02-13,Desk,Furniture,West,Consumer,3,11000.0,0.0,33000.0,23745.56,9254.44,2025-02-13,2025-02
ORD10586,2025-02-14,Mouse,Accessories,South,Consumer,10,800.0,0.0,8000.0,5225.53,2774.47,2025-02-14,2025-02
ORD10410,2025-02-14,Keyboard,Accessories,East,Corporate,1,1500.0,0.05,1425.0,946.37,478.63,2025-02-14,2025-02
ORD10030,2025-02-16,Monitor,Electronics,East,Consumer,2,14000.0,0.1,25200.0,16470.79,8729.21,2025-02-16,2025-02
ORD10357,2025-02-17,Desk,Furniture,West,Corporate,4,11000.0,0.05,41800.0,28887.01,12912.99,2025-02-17,2025-02
ORD10149,2025-02-18,Monitor,Electronics,East,Small Business,3,14000.0,0.1,37800.0,24757.78,13042.22,2025-02-18,2025-02
ORD10216,2025-02-18,Laptop,Electronics,North,Consumer,2,55000.0,0.1,99000.0,71039.51,27960.49,2025-02-18,2025-02
ORD10541,2025-02-18,Mouse,Accessories,West,Small Business,1,800.0,0.05,760.0,541.72,218.28,2025-02-18,2025-02
ORD10545,2025-02-22,Office Chair,Furniture,West,Consumer,3,8500.0,0.0,25500.0,16347.92,9152.08,2025-02-22,2025-02
ORD10439,2025-02-22,Monitor,Electronics,West,Small Business,5,14000.0,0.0,70000.0,46005.42,23994.58,2025-02-22,2025-02
ORD10456,2025-02-22,Desk,Furniture,North,Consumer,7,11000.0,0.0,77000.0,48801.95,28198.05,2025-02-22,2025-02
ORD10543,2025-02-23,Printer,Office,East,Corporate,5,12000.0,0.0,60000.0,43664.42,16335.58,2025-02-23,2025-02
ORD10572,2025-02-24,Desk,Furniture,South,Consumer,7,11000.0,0.0,77000.0,61507.44,15492.56,2025-02-24,2025-02
ORD10378,2025-02-26,Smartphone,Electronics,West,Corporate,8,28000.0,0.0,224000.0,157365.46,66634.54,2025-02-26,2025-02
ORD10462,2025-02-28,Laptop,Electronics,South,Consumer,1,55000.0,0.05,52250.0,35002.76,17247.24,2025-02-28,2025-02
ORD10588,2025-02-28,Keyboard,Accessories,East,Corporate,2,1500.0,0.05,2850.0,2010.67,839.33,2025-02-28,2025-02
ORD10290,2025-02-28,Laptop,Electronics,East,Corporate,8,55000.0,0.0,440000.0,325765.58,114234.42,2025-02-28,2025-02
ORD10092,2025-03-03,Laptop,Electronics,South,Consumer,6,55000.0,0.0,330000.0,257099.7,72900.3,2025-03-03,2025-03
ORD10238,2025-03-04,Office Chair,Furniture,North,Consumer,7,8500.0,0.05,56525.0,44551.55,11973.45,2025-03-04,2025-03
ORD10069,2025-03-04,Headphones,Accessories,South,Small Business,10,2500.0,0.0,25000.0,19900.4,5099.6,2025-03-04,2025-03
ORD10330,2025-03-05,Office Chair,Furniture,South,Small Business,7,8500.0,0.1,53550.0,35487.71,18062.29,2025-03-05,2025-03
ORD10388,2025-03-06,Desk,Furniture,East,Small Business,5,11000.0,0.05,52250.0,33072.72,19177.28,2025-03-06,2025-03
ORD10107,2025-03-06,Tablet,Electronics,East,Small Business,2,22000.0,0.1,39600.0,30745.66,8854.34,2025-03-06,2025-03
ORD10533,2025-03-06,Keyboard,Accessories,West,Small Business,5,1500.0,0.0,7500.0,5969.37,1530.63,2025-03-06,2025-03
ORD10026,2025-03-07,Laptop,Electronics,West,Small Business,5,55000.0,0.0,275000.0,175754.44,99245.56,2025-03-07,2025-03
ORD10415,2025-03-07,Monitor,Electronics,East,Consumer,8,14000.0,0.1,100800.0,75450.11,25349.89,2025-03-07,2025-03
ORD10086,2025-03-09,Printer,Office,West,Consumer,2,12000.0,0.1,21600.0,15706.78,5893.22,2025-03-09,2025-03
ORD10295,2025-03-09,Laptop,Electronics,West,Corporate,9,55000.0,0.1,445500.0,287623.33,157876.67,2025-03-09,2025-03
ORD10296,2025-03-10,Laptop,Electronics,North,Corporate,1,55000.0,0.05,52250.0,35929.9,16320.1,2025-03-10,2025-03
ORD10229,2025-03-14,Desk,Furniture,East,Small Business,6,11000.0,0.05,62700.0,44635.46,18064.54,2025-03-14,2025-03
ORD10070,2025-03-14,Office Chair,Furniture,North,Corporate,10,8500.0,0.15,72250.0,54200.18,18049.82,2025-03-14,2025-03
ORD10448,2025-03-15,Laptop,Electronics,South,Corporate,7,55000.0,0.05,365750.0,280128.53,85621.47,2025-03-15,2025-03
ORD10241,2025-03-16,Tablet,Electronics,East,Corporate,7,22000.0,0.05,146300.0,104208.83,42091.17,2025-03-16,2025-03
ORD10270,2025-03-16,Keyboard,Accessories,South,Consumer,3,1500.0,0.05,4275.0,3304.04,970.96,2025-03-16,2025-03
ORD10406,2025-03-16,Headphones,Accessories,North,Corporate,8,2500.0,0.0,20000.0,12989.81,7010.19,2025-03-16,2025-03
ORD10020,2025-03-16,Smartphone,Electronics,South,Corporate,9,28000.0,0.05,239400.0,159769.36,79630.64,2025-03-16,2025-03
ORD10468,2025-03-16,Smartphone,Electronics,South,Small Business,7,28000.0,0.1,176400.0,126569.51,49830.49,2025-03-16,2025-03
ORD10128,2025-03-17,Keyboard,Accessories,North,Consumer,5,1500.0,0.0,7500.0,5876.17,1623.83,2025-03-17,2025-03
ORD10289,2025-03-18,Laptop,Electronics,South,Consumer,2,55000.0,0.1,99000.0,80783.41,18216.59,2025-03-18,2025-03
ORD10595,2025-03-20,Monitor,Electronics,West,Corporate,4,14000.0,0.0,56000.0,35609.35,20390.65,2025-03-20,2025-03
ORD10209,2025-03-22,Desk,Furniture,South,Consumer,4,11000.0,0.05,41800.0,30391.19,11408.81,2025-03-22,2025-03
ORD10354,2025-03-23,unknown,Furniture,East,Small Business,10,8500.0,0.0,85000.0,65162.21,19837.79,2025-03-23,2025-03
ORD10411,2025-03-24,Mouse,Accessories,North,Small Business,10,800.0,0.0,8000.0,5917.16,2082.84,2025-03-24,2025-03
ORD10063,2025-03-24,Smartphone,Electronics,North,Consumer,3,28000.0,0.1,75600.0,47921.69,27678.31,2025-03-24,2025-03
ORD10484,2025-03-24,Office Chair,Furniture,West,Corporate,1,8500.0,0.15,7225.0,4855.43,2369.57,2025-03-24,2025-03
ORD10202,2025-03-25,Laptop,Electronics,West,Consumer,7,55000.0,0.05,365750.0,227571.94,138178.06,2025-03-25,2025-03
ORD10189,2025-03-25,Mouse,Accessories,South,Corporate,7,800.0,0.05,5320.0,3624.25,1695.75,2025-03-25,2025-03
ORD10134,2025-03-28,Mouse,Accessories,South,Consumer,9,800.0,0.0,7200.0,4902.74,2297.26,2025-03-28,2025-03
ORD10286,2025-03-28,Printer,Office,North,Consumer,5,12000.0,0.0,60000.0,48821.87,11178.13,2025-03-28,2025-03
ORD10476,2025-03-29,Printer,Office,East,Consumer,8,12000.0,0.0,96000.0,76796.8,19203.2,2025-03-29,2025-03
ORD10081,2025-03-30,Headphones,Accessories,North,Corporate,2,2500.0,0.1,4500.0,3296.07,1203.93,2025-03-30,2025-03
ORD10331,2025-04-01,Mouse,Accessories,South,Small Business,8,800.0,0.1,5760.0,4153.94,1606.06,2025-04-01,2025-04
ORD10144,2025-04-03,Headphones,Accessories,North,Corporate,3,2500.0,0.05,7125.0,5645.87,1479.13,2025-04-03,2025-04
ORD10472,2025-04-06,Monitor,Electronics,South,Consumer,1,14000.0,0.0,14000.0,9069.89,4930.11,2025-04-06,2025-04
ORD10322,2025-04-09,Headphones,Accessories,North,Corporate,10,2500.0,0.05,23750.0,17313.88,6436.12,2025-04-09,2025-04
ORD10521,2025-04-10,Monitor,Electronics,West,Consumer,9,14000.0,0.0,126000.0,98441.37,27558.63,2025-04-10,2025-04
ORD10515,2025-04-10,Tablet,Electronics,East,Small Business,7,22000.0,0.05,146300.0,104232.77,42067.23,2025-04-10,2025-04
ORD10502,2025-04-11,Laptop,Electronics,South,Corporate,3,55000.0,0.0,165000.0,106087.37,58912.63,2025-04-11,2025-04
ORD10495,2025-04-11,Keyboard,Accessories,East,Corporate,6,1500.0,0.0,9000.0,5785.37,3214.63,2025-04-11,2025-04
ORD10547,2025-04-12,Desk,Furniture,North,Small Business,2,11000.0,0.0,22000.0,17257.25,4742.75,2025-04-12,2025-04
ORD10347,2025-04-12,Tablet,Electronics,West,Consumer,3,22000.0,0.0,66000.0,50509.29,15490.71,2025-04-12,2025-04
ORD10177,2025-04-13,Laptop,Electronics,West,Consumer,4,55000.0,0.0,220000.0,179681.87,40318.13,2025-04-13,2025-04
ORD10323,2025-04-14,Smartphone,Electronics,South,Small Business,4,28000.0,0.0,112000.0,91496.6,20503.4,2025-04-14,2025-04
ORD10399,2025-04-14,Office Chair,Furniture,West,Small Business,2,8500.0,0.0,17000.0,10739.07,6260.93,2025-04-14,2025-04
ORD10600,2025-04-14,Laptop,Electronics,East,Small Business,5,55000.0,0.0,275000.0,200243.66,74756.34,2025-04-14,2025-04
ORD10564,2025-04-14,Mouse,Accessories,South,Corporate,3,800.0,0.0,2400.0,1640.05,759.95,2025-04-14,2025-04
ORD10194,2025-04-15,Laptop,Electronics,East,Small Business,3,55000.0,0.0,165000.0,131557.94,33442.06,2025-04-15,2025-04
ORD10225,2025-04-17,Headphones,Accessories,North,Corporate,4,2500.0,0.1,9000.0,6907.24,2092.76,2025-04-17,2025-04
ORD10293,2025-04-19,Monitor,Electronics,West,Corporate,1,14000.0,0.05,13300.0,10405.31,2894.69,2025-04-19,2025-04
ORD10305,2025-04-19,Tablet,Electronics,South,Corporate,5,22000.0,0.0,110000.0,70873.03,39126.97,2025-04-19,2025-04
ORD10172,2025-04-19,Laptop,Electronics,East,Corporate,4,55000.0,0.05,209000.0,148799.66,60200.34,2025-04-19,2025-04
ORD10551,2025-04-21,Mouse,Accessories,East,Corporate,4,800.0,0.0,3200.0,2114.41,1085.59,2025-04-21,2025-04
ORD10317,2025-04-21,Tablet,Electronics,East,Corporate,3,22000.0,0.0,66000.0,52034.38,13965.62,2025-04-21,2025-04
ORD10426,2025-04-21,Desk,Furniture,West,Consumer,9,11000.0,0.1,89100.0,61697.04,27402.96,2025-04-21,2025-04
ORD10384,2025-04-23,Desk,Furniture,West,Consumer,3,11000.0,0.0,33000.0,21073.74,11926.26,2025-04-23,2025-04
ORD10190,2025-04-23,Headphones,Accessories,West,Corporate,2,2500.0,0.05,4750.0,3537.7,1212.3,2025-04-23,2025-04
ORD10368,2025-04-24,Keyboard,Accessories,South,Consumer,2,1500.0,0.1,2700.0,1754.4,945.6,2025-04-24,2025-04
ORD10049,2025-04-25,Headphones,Accessories,South,Small Business,6,2500.0,0.1,13500.0,10239.58,3260.42,2025-04-25,2025-04
ORD10360,2025-04-26,Laptop,Electronics,East,Small Business,6,55000.0,0.1,297000.0,184450.64,112549.36,2025-04-26,2025-04
ORD10332,2025-04-27,Headphones,Accessories,West,Corporate,3,2500.0,0.0,7500.0,5911.05,1588.95,2025-04-27,2025-04
ORD10242,2025-04-28,Tablet,Electronics,West,Consumer,9,22000.0,0.1,178200.0,133193.86,45006.14,2025-04-28,2025-04
ORD10199,2025-04-28,Smartphone,Electronics,South,Small Business,7,28000.0,0.1,176400.0,138563.54,37836.46,2025-04-28,2025-04
ORD10542,2025-04-28,Headphones,Accessories,North,Corporate,7,2500.0,0.0,17500.0,14032.27,3467.73,2025-04-28,2025-04
ORD10561,2025-04-29,Monitor,Electronics,South,Corporate,9,14000.0,0.0,126000.0,82100.46,43899.54,2025-04-29,2025-04
ORD10074,2025-04-30,Keyboard,Accessories,North,Small Business,9,1500.0,0.1,12150.0,9159.85,2990.15,2025-04-30,2025-04
ORD10281,2025-05-02,Mouse,Accessories,East,Small Business,1,800.0,0.0,800.0,594.4,205.6,2025-05-02,2025-05
ORD10412,2025-05-03,Office Chair,Furniture,North,Consumer,9,8500.0,0.05,72675.0,55751.36,16923.64,2025-05-03,2025-05
ORD10596,2025-05-04,Office Chair,Furniture,East,Small Business,9,8500.0,0.05,72675.0,55690.8,16984.2,2025-05-04,2025-05
ORD10284,2025-05-04,Tablet,Electronics,East,Small Business,8,22000.0,0.05,167200.0,121397.3,45802.7,2025-05-04,2025-05
ORD10033,2025-05-04,Keyboard,Accessories,West,Corporate,9,1500.0,0.0,13500.0,8955.2,4544.8,2025-05-04,2025-05
ORD10282,2025-05-05,Mouse,Accessories,West,Consumer,6,800.0,0.1,4320.0,3347.68,972.32,2025-05-05,2025-05
ORD10277,2025-05-05,Laptop,Electronics,East,Consumer,6,55000.0,0.05,313500.0,233536.41,79963.59,2025-05-05,2025-05
ORD10257,2025-05-06,Office Chair,Furniture,South,Consumer,8,8500.0,0.05,64600.0,40972.64,23627.36,2025-05-06,2025-05
ORD10373,2025-05-06,Monitor,Electronics,North,Small Business,6,14000.0,0.05,79800.0,56635.83,23164.17,2025-05-06,2025-05
ORD10088,2025-05-07,Laptop,Electronics,North,Small Business,6,55000.0,0.1,297000.0,210892.03,86107.97,2025-05-07,2025-05
ORD10396,2025-05-07,Laptop,Electronics,East,Corporate,10,55000.0,0.05,522500.0,410167.66,112332.34,2025-05-07,2025-05
ORD10166,2025-05-07,Laptop,Electronics,East,Small Business,9,55000.0,0.1,445500.0,295459.0,150041.0,2025-05-07,2025-05
ORD10217,2025-05-07,Printer,Office,West,Corporate,8,12000.0,0.1,86400.0,55464.24,30935.76,2025-05-07,2025-05
ORD10394,2025-05-08,Desk,Furniture,East,Small Business,8,11000.0,0.05,83600.0,65291.42,18308.58,2025-05-08,2025-05
ORD10008,2025-05-11,Headphones,Accessories,West,Corporate,8,2500.0,0.05,19000.0,14185.98,4814.02,2025-05-11,2025-05
ORD10123,2025-05-12,Tablet,Electronics,West,Corporate,1,22000.0,0.0,22000.0,18005.5,3994.5,2025-05-12,2025-05
ORD10568,2025-05-14,Tablet,Electronics,South,Small Business,8,22000.0,0.1,158400.0,129365.96,29034.04,2025-05-14,2025-05
ORD10152,2025-05-16,Headphones,Accessories,East,Corporate,2,2500.0,0.05,4750.0,3084.06,1665.94,2025-05-16,2025-05
ORD10480,2025-05-17,Office Chair,Furniture,East,Consumer,7,8500.0,0.05,56525.0,41378.2,15146.8,2025-05-17,2025-05
ORD10549,2025-05-18,Keyboard,Accessories,East,Corporate,1,1500.0,0.0,1500.0,1162.68,337.32,2025-05-18,2025-05
ORD10318,2025-05-19,Printer,Office,East,Small Business,5,12000.0,0.05,57000.0,43644.79,13355.21,2025-05-19,2025-05
ORD10311,2025-05-19,Tablet,Electronics,East,Corporate,1,22000.0,0.0,22000.0,17430.03,4569.97,2025-05-19,2025-05
ORD10334,2025-05-20,Headphones,Accessories,South,Corporate,1,2500.0,0.0,2500.0,1821.12,678.88,2025-05-20,2025-05
ORD10483,2025-05-21,Keyboard,Accessories,West,Corporate,3,1500.0,0.15,3825.0,2691.88,1133.12,2025-05-21,2025-05
ORD10392,2025-05-21,Keyboard,Accessories,North,Corporate,6,1500.0,0.15,7650.0,5666.34,1983.66,2025-05-21,2025-05
ORD10055,2025-05-22,Printer,Office,South,Small Business,1,12000.0,0.1,10800.0,7288.19,3511.81,2025-05-22,2025-05
ORD10146,2025-05-22,Laptop,Electronics,East,Small Business,2,55000.0,0.0,110000.0,78915.36,31084.64,2025-05-22,2025-05
ORD10038,2025-05-23,Headphones,Accessories,South,Small Business,5,2500.0,0.05,11875.0,8660.91,3214.09,2025-05-23,2025-05
ORD10362,2025-05-27,Desk,Furniture,West,Consumer,1,11000.0,0.05,10450.0,6552.8,3897.2,2025-05-27,2025-05
ORD10344,2025-05-27,Monitor,Electronics,South,Consumer,8,14000.0,0.05,106400.0,75789.94,30610.06,2025-05-27,2025-05
ORD10250,2025-05-28,Laptop,Electronics,South,Consumer,6,55000.0,0.05,313500.0,240607.1,72892.9,2025-05-28,2025-05
ORD10529,2025-05-29,Desk,Furniture,West,Small Business,8,11000.0,0.05,83600.0,64484.89,19115.11,2025-05-29,2025-05
ORD10181,2025-06-02,Headphones,Accessories,East,Corporate,7,2500.0,0.1,15750.0,10720.32,5029.68,2025-06-02,2025-06
ORD10471,2025-06-03,Headphones,Accessories,South,Corporate,9,2500.0,0.0,22500.0,18028.97,4471.03,2025-06-03,2025-06
ORD10062,2025-06-03,Mouse,Accessories,South,Corporate,6,800.0,0.05,4560.0,3150.96,1409.04,2025-06-03,2025-06
ORD10271,2025-06-04,Monitor,Electronics,East,Small Business,4,14000.0,0.0,56000.0,37688.52,18311.48,2025-06-04,2025-06
ORD10235,2025-06-05,Keyboard,Accessories,North,Corporate,5,1500.0,0.1,6750.0,5113.98,1636.02,2025-06-05,2025-06
ORD10562,2025-06-05,Mouse,Accessories,North,Small Business,2,800.0,0.0,1600.0,1214.69,385.31,2025-06-05,2025-06
ORD10029,2025-06-05,Headphones,Accessories,South,Corporate,6,2500.0,0.05,14250.0,10506.83,3743.17,2025-06-05,2025-06
ORD10011,2025-06-05,Monitor,Electronics,East,Consumer,5,14000.0,0.0,70000.0,54868.64,15131.36,2025-06-05,2025-06
ORD10591,2025-06-06,Keyboard,Accessories,West,Small Business,6,1500.0,0.05,8550.0,6258.18,2291.82,2025-06-06,2025-06
ORD10479,2025-06-06,Keyboard,Accessories,East,Consumer,1,1500.0,0.0,1500.0,1219.02,280.98,2025-06-06,2025-06
ORD10581,2025-06-09,Office Chair,Furniture,North,Consumer,7,8500.0,0.0,59500.0,48398.81,11101.19,2025-06-09,2025-06
ORD10452,2025-06-09,Tablet,Electronics,South,Consumer,3,22000.0,0.05,62700.0,40571.34,22128.66,2025-06-09,2025-06
ORD10417,2025-06-11,Desk,Furniture,East,Corporate,6,11000.0,0.0,66000.0,49317.54,16682.46,2025-06-11,2025-06
ORD10523,2025-06-11,Monitor,Electronics,North,Corporate,3,14000.0,0.15,35700.0,22504.97,13195.03,2025-06-11,2025-06
ORD10131,2025-06-11,Monitor,Electronics,East,Small Business,5,14000.0,0.0,70000.0,55552.79,14447.21,2025-06-11,2025-06
ORD10380,2025-06-12,Tablet,Electronics,South,Corporate,5,22000.0,0.0,110000.0,68270.8,41729.2,2025-06-12,2025-06
ORD10356,2025-06-12,Mouse,Accessories,North,Consumer,1,800.0,0.0,800.0,526.08,273.92,2025-06-12,2025-06
ORD10329,2025-06-13,Laptop,Electronics,West,Consumer,8,55000.0,0.05,418000.0,327526.85,90473.15,2025-06-13,2025-06
ORD10297,2025-06-14,Keyboard,Accessories,East,Consumer,9,1500.0,0.15,11475.0,9244.45,2230.55,2025-06-14,2025-06
ORD10325,2025-06-14,Smartphone,Electronics,West,Consumer,10,28000.0,0.0,280000.0,176017.73,103982.27,2025-06-14,2025-06
ORD10519,2025-06-15,Tablet,Electronics,East,Corporate,8,22000.0,0.0,176000.0,111312.01,64687.99,2025-06-15,2025-06
ORD10168,2025-06-17,Monitor,Electronics,South,Corporate,6,14000.0,0.0,84000.0,63003.38,20996.62,2025-06-17,2025-06
ORD10283,2025-06-19,Mouse,Accessories,North,Corporate,2,800.0,0.0,1600.0,1198.05,401.95,2025-06-19,2025-06
ORD10556,2025-06-20,Monitor,Electronics,South,Consumer,7,14000.0,0.05,93100.0,69537.92,23562.08,2025-06-20,2025-06
ORD10236,2025-06-21,Keyboard,Accessories,South,Small Business,6,1500.0,0.0,9000.0,6367.69,2632.31,2025-06-21,2025-06
ORD10067,2025-06-22,Monitor,Electronics,West,Consumer,5,14000.0,0.0,70000.0,46671.97,23328.03,2025-06-22,2025-06
ORD10522,2025-06-22,Keyboard,Accessories,West,Corporate,5,1500.0,0.05,7125.0,5071.92,2053.08,2025-06-22,2025-06
ORD10182,2025-06-23,Keyboard,Accessories,East,Small Business,8,1500.0,0.1,10800.0,6914.26,3885.74,2025-06-23,2025-06
ORD10115,2025-06-23,Laptop,Electronics,North,Consumer,7,55000.0,0.1,346500.0,253208.5,93291.5,2025-06-23,2025-06
ORD10566,2025-06-24,Desk,Furniture,East,Corporate,10,11000.0,0.05,104500.0,83728.39,20771.61,2025-06-24,2025-06
ORD10491,2025-06-24,Laptop,Electronics,North,Consumer,2,55000.0,0.05,104500.0,74486.19,30013.81,2025-06-24,2025-06
ORD10022,2025-06-25,Laptop,Electronics,South,Consumer,6,55000.0,0.0,330000.0,222737.2,107262.8,2025-06-25,2025-06
ORD10485,2025-06-26,Printer,Office,East,Consumer,8,12000.0,0.0,96000.0,73551.76,22448.24,2025-06-26,2025-06
ORD10454,2025-06-27,Laptop,Electronics,South,Corporate,8,55000.0,0.1,396000.0,297550.85,98449.15,2025-06-27,2025-06
ORD10122,2025-06-28,Desk,Furniture,North,Consumer,8,11000.0,0.0,88000.0,63306.56,24693.44,2025-06-28,2025-06
ORD10553,2025-07-01,Printer,Office,South,Corporate,2,12000.0,0.05,22800.0,15445.35,7354.65,2025-07-01,2025-07
ORD10444,2025-07-02,Monitor,Electronics,North,Corporate,9,14000.0,0.0,126000.0,80151.16,45848.84,2025-07-02,2025-07
ORD10161,2025-07-02,Mouse,Accessories,East,Corporate,2,800.0,0.1,1440.0,982.6,457.4,2025-07-02,2025-07
ORD10340,2025-07-03,Desk,Furniture,East,Consumer,7,11000.0,0.05,73150.0,58129.71,15020.29,2025-07-03,2025-07
ORD10425,2025-07-03,Desk,Furniture,South,Corporate,7,11000.0,0.05,73150.0,48051.89,25098.11,2025-07-03,2025-07
ORD10559,2025-07-07,Office Chair,Furniture,West,Corporate,5,8500.0,0.05,40375.0,32421.85,7953.15,2025-07-07,2025-07
ORD10231,2025-07-07,Monitor,Electronics,West,Small Business,9,14000.0,0.05,119700.0,95570.51,24129.49,2025-07-07,2025-07
ORD10408,2025-07-07,Desk,Furniture,South,Corporate,8,11000.0,0.0,88000.0,62198.74,25801.26,2025-07-07,2025-07
ORD10393,2025-07-07,Laptop,Electronics,South,Consumer,6,55000.0,0.15,280500.0,211859.85,68640.15,2025-07-07,2025-07
ORD10420,2025-07-07,Headphones,Accessories,West,Consumer,5,2500.0,0.0,12500.0,8774.76,3725.24,2025-07-07,2025-07
ORD10013,2025-07-09,Printer,Office,South,Corporate,10,12000.0,0.0,120000.0,79873.91,40126.09,2025-07-09,2025-07
ORD10151,2025-07-09,Tablet,Electronics,East,Corporate,5,22000.0,0.05,104500.0,73122.06,31377.94,2025-07-09,2025-07
ORD10039,2025-07-10,Smartphone,Electronics,South,Small Business,7,28000.0,0.0,196000.0,130612.33,65387.67,2025-07-10,2025-07
ORD10035,2025-07-10,Headphones,Accessories,East,Corporate,10,2500.0,0.05,23750.0,14837.28,8912.72,2025-07-10,2025-07
ORD10249,2025-07-12,Monitor,Electronics,North,Corporate,8,14000.0,0.0,112000.0,72803.79,39196.21,2025-07-12,2025-07
ORD10398,2025-07-13,Mouse,Accessories,West,Consumer,8,800.0,0.0,6400.0,4066.63,2333.37,2025-07-13,2025-07
ORD10130,2025-07-13,Headphones,Accessories,North,Small Business,6,2500.0,0.0,15000.0,11933.92,3066.08,2025-07-13,2025-07
ORD10376,2025-07-13,Printer,Office,East,Consumer,8,12000.0,0.05,91200.0,67361.13,23838.87,2025-07-13,2025-07
ORD10589,2025-07-14,Mouse,Accessories,North,Small Business,7,800.0,0.0,5600.0,3653.7,1946.3,2025-07-14,2025-07
ORD10234,2025-07-14,Laptop,Electronics,South,Small Business,6,55000.0,0.05,313500.0,214146.01,99353.99,2025-07-14,2025-07
ORD10247,2025-07-15,Laptop,Electronics,South,Consumer,5,55000.0,0.0,275000.0,174165.86,100834.14,2025-07-15,2025-07
ORD10486,2025-07-17,Tablet,Electronics,West,Consumer,3,22000.0,0.15,56100.0,45792.15,10307.85,2025-07-17,2025-07
ORD10032,2025-07-20,Tablet,Electronics,East,Corporate,5,22000.0,0.0,110000.0,87181.54,22818.46,2025-07-20,2025-07
ORD10395,2025-07-20,Desk,Furniture,South,Small Business,7,11000.0,0.0,77000.0,51895.24,25104.76,2025-07-20,2025-07
ORD10101,2025-07-20,Smartphone,Electronics,West,Corporate,7,28000.0,0.0,196000.0,141941.55,54058.45,2025-07-20,2025-07
ORD10287,2025-07-20,Smartphone,Electronics,East,Consumer,7,28000.0,0.15,166600.0,129905.16,36694.84,2025-07-20,2025-07
ORD10251,2025-07-21,Printer,Office,South,Corporate,2,12000.0,0.0,24000.0,17338.67,6661.33,2025-07-21,2025-07
ORD10195,2025-07-21,Mouse,Accessories,South,Corporate,9,800.0,0.1,6480.0,4600.52,1879.48,2025-07-21,2025-07
ORD10082,2025-07-22,Office Chair,Furniture,North,Corporate,8,8500.0,0.15,57800.0,46906.15,10893.85,2025-07-22,2025-07
ORD10262,2025-07-23,Smartphone,Electronics,East,Small Business,8,28000.0,0.0,224000.0,152164.79,71835.21,2025-07-23,2025-07
ORD10375,2025-07-23,Headphones,Accessories,South,Consumer,4,2500.0,0.05,9500.0,7573.77,1926.23,2025-07-23,2025-07
ORD10594,2025-07-24,Tablet,Electronics,West,Corporate,10,22000.0,0.0,220000.0,175571.35,44428.65,2025-07-24,2025-07
ORD10461,2025-07-24,Headphones,Accessories,West,Small Business,1,2500.0,0.0,2500.0,2003.13,496.87,2025-07-24,2025-07
ORD10047,2025-07-26,Smartphone,Electronics,West,Small Business,10,28000.0,0.0,280000.0,197579.18,82420.82,2025-07-26,2025-07
ORD10474,2025-07-28,Keyboard,Accessories,North,Small Business,6,1500.0,0.1,8100.0,5687.97,2412.03,2025-07-28,2025-07
ORD10513,2025-07-29,Headphones,Accessories,South,Small Business,1,2500.0,0.0,2500.0,1974.99,525.01,2025-07-29,2025-07
ORD10198,2025-07-29,Monitor,Electronics,East,Corporate,10,14000.0,0.05,133000.0,93475.85,39524.15,2025-07-29,2025-07
ORD10048,2025-07-29,Monitor,Electronics,West,Small Business,9,14000.0,0.1,113400.0,86583.12,26816.88,2025-07-29,2025-07
ORD10001,2025-07-30,Headphones,Accessories,South,Consumer,5,2500.0,0.05,11875.0,8709.87,3165.13,2025-07-30,2025-07
ORD10215,2025-08-01,Office Chair,Furniture,South,Consumer,6,8500.0,0.0,51000.0,41407.68,9592.32,2025-08-01,2025-08
ORD10324,2025-08-02,Desk,Furniture,South,Consumer,9,11000.0,0.0,99000.0,79940.28,19059.72,2025-08-02,2025-08
ORD10136,2025-08-02,Desk,Furniture,South,Consumer,7,11000.0,0.05,73150.0,51248.6,21901.4,2025-08-02,2025-08
ORD10587,2025-08-02,Desk,Furniture,South,Small Business,10,11000.0,0.1,99000.0,78842.17,20157.83,2025-08-02,2025-08
ORD10431,2025-08-03,Monitor,Electronics,South,Corporate,8,14000.0,0.1,100800.0,68001.11,32798.89,2025-08-03,2025-08
ORD10349,2025-08-04,Smartphone,Electronics,North,Consumer,6,28000.0,0.0,168000.0,107492.38,60507.62,2025-08-04,2025-08
ORD10490,2025-08-06,Smartphone,Electronics,South,Consumer,2,28000.0,0.05,53200.0,38999.11,14200.89,2025-08-06,2025-08
ORD10598,2025-08-06,Office Chair,Furniture,South,Corporate,2,8500.0,0.05,16150.0,12784.91,3365.09,2025-08-06,2025-08
ORD10012,2025-08-06,Printer,Office,North,Corporate,8,12000.0,0.1,86400.0,68847.09,17552.91,2025-08-06,2025-08
ORD10051,2025-08-07,Tablet,Electronics,North,Corporate,1,22000.0,0.0,22000.0,14204.93,7795.07,2025-08-07,2025-08
ORD10084,2025-08-10,Laptop,Electronics,West,Consumer,10,55000.0,0.05,522500.0,396055.51,126444.49,2025-08-10,2025-08
ORD10218,2025-08-11,Headphones,Accessories,West,Corporate,8,2500.0,0.0,20000.0,14591.84,5408.16,2025-08-11,2025-08
ORD10583,2025-08-13,Laptop,Electronics,West,Small Business,6,55000.0,0.05,313500.0,256073.72,57426.28,2025-08-13,2025-08
ORD10592,2025-08-14,Monitor,Electronics,West,Consumer,2,14000.0,0.0,28000.0,20313.44,7686.56,2025-08-14,2025-08
ORD10007,2025-08-14,Tablet,Electronics,North,Corporate,10,22000.0,0.1,198000.0,124479.14,73520.86,2025-08-14,2025-08
ORD10041,2025-08-15,Office Chair,Furniture,East,Consumer,1,8500.0,0.0,8500.0,6280.61,2219.39,2025-08-15,2025-08
ORD10509,2025-08-15,Monitor,Electronics,West,Corporate,7,14000.0,0.05,93100.0,66255.56,26844.44,2025-08-15,2025-08
ORD10538,2025-08-15,Desk,Furniture,North,Consumer,7,11000.0,0.0,77000.0,59628.99,17371.01,2025-08-15,2025-08
ORD10578,2025-08-16,Tablet,Electronics,North,Small Business,8,22000.0,0.1,158400.0,126162.95,32237.05,2025-08-16,2025-08
ORD10346,2025-08-16,Printer,Office,East,Consumer,7,12000.0,0.0,84000.0,56224.2,27775.8,2025-08-16,2025-08
ORD10560,2025-08-18,Monitor,Electronics,East,Corporate,6,14000.0,0.05,79800.0,57983.14,21816.86,2025-08-18,2025-08
ORD10433,2025-08-19,Desk,Furniture,East,Small Business,9,11000.0,0.0,99000.0,67294.77,31705.23,2025-08-19,2025-08
ORD10119,2025-08-20,Headphones,Accessories,West,Consumer,5,2500.0,0.1,11250.0,8326.34,2923.66,2025-08-20,2025-08
ORD10435,2025-08-21,Desk,Furniture,East,Small Business,9,11000.0,0.0,99000.0,66514.08,32485.92,2025-08-21,2025-08
ORD10158,2025-08-21,Tablet,Electronics,South,Corporate,5,22000.0,0.0,110000.0,80289.65,29710.35,2025-08-21,2025-08
ORD10275,2025-08-22,Tablet,Electronics,West,Small Business,1,22000.0,0.0,22000.0,14939.96,7060.04,2025-08-22,2025-08
ORD10537,2025-08-23,Office Chair,Furniture,West,Consumer,2,8500.0,0.1,15300.0,12500.07,2799.93,2025-08-23,2025-08
ORD10493,2025-08-23,Printer,Office,South,Corporate,1,12000.0,0.0,12000.0,8900.47,3099.53,2025-08-23,2025-08
ORD10212,2025-08-23,Monitor,Electronics,West,Corporate,9,14000.0,0.05,119700.0,79988.36,39711.64,2025-08-23,2025-08
ORD10510,2025-08-24,Office Chair,Furniture,East,Corporate,2,8500.0,0.05,16150.0,11578.57,4571.43,2025-08-24,2025-08
ORD10175,2025-08-28,Printer,Office,North,Small Business,1,12000.0,0.0,12000.0,7578.67,4421.33,2025-08-28,2025-08
ORD10470,2025-08-29,Office Chair,Furniture,East,Consumer,4,8500.0,0.0,34000.0,21506.04,12493.96,2025-08-29,2025-08
ORD10278,2025-09-02,Tablet,Electronics,South,Consumer,5,22000.0,0.0,110000.0,76602.67,33397.33,2025-09-02,2025-09
ORD10335,2025-09-03,Desk,Furniture,North,Consumer,7,11000.0,0.0,77000.0,56831.35,20168.65,2025-09-03,2025-09
ORD10028,2025-09-05,Tablet,Electronics,South,Corporate,3,22000.0,0.05,62700.0,44539.17,18160.83,2025-09-05,2025-09
ORD10178,2025-09-07,Smartphone,Electronics,South,Corporate,8,28000.0,0.0,224000.0,149595.27,74404.73,2025-09-07,2025-09
ORD10050,2025-09-08,Printer,Office,North,Corporate,1,12000.0,0.05,11400.0,9328.06,2071.94,2025-09-08,2025-09
ORD10536,2025-09-09,Smartphone,Electronics,East,Corporate,7,28000.0,0.1,176400.0,125287.72,51112.28,2025-09-09,2025-09
ORD10089,2025-09-12,Printer,Office,South,Consumer,3,12000.0,0.0,36000.0,27764.38,8235.62,2025-09-12,2025-09
ORD10397,2025-09-14,Smartphone,Electronics,West,Consumer,10,28000.0,0.0,280000.0,201502.32,78497.68,2025-09-14,2025-09
ORD10208,2025-09-15,Tablet,Electronics,South,Small Business,9,22000.0,0.1,178200.0,115370.59,62829.41,2025-09-15,2025-09
ORD10403,2025-09-17,Headphones,Accessories,West,Corporate,4,2500.0,0.05,9500.0,7388.37,2111.63,2025-09-17,2025-09
ORD10460,2025-09-17,Tablet,Electronics,South,Consumer,8,22000.0,0.0,176000.0,117813.65,58186.35,2025-09-17,2025-09
ORD10276,2025-09-19,Laptop,Electronics,North,Corporate,10,55000.0,0.05,522500.0,404333.82,118166.18,2025-09-19,2025-09
ORD10135,2025-09-19,Smartphone,Electronics,West,Corporate,7,28000.0,0.0,196000.0,124692.04,71307.96,2025-09-19,2025-09
ORD10137,2025-09-19,Office Chair,Furniture,North,Small Business,6,8500.0,0.0,51000.0,33389.95,17610.05,2025-09-19,2025-09
ORD10524,2025-09-20,Keyboard,Accessories,South,Consumer,3,1500.0,0.0,4500.0,3497.65,1002.35,2025-09-20,2025-09
ORD10383,2025-09-21,Tablet,Electronics,West,Consumer,3,22000.0,0.15,56100.0,43692.89,12407.11,2025-09-21,2025-09
ORD10401,2025-09-22,Keyboard,Accessories,North,Small Business,1,1500.0,0.1,1350.0,1048.92,301.08,2025-09-22,2025-09
ORD10078,2025-09-22,Office Chair,Furniture,North,Consumer,1,8500.0,0.0,8500.0,6512.11,1987.89,2025-09-22,2025-09
ORD10197,2025-09-23,Keyboard,Accessories,North,Small Business,5,1500.0,0.05,7125.0,4941.56,2183.44,2025-09-23,2025-09
ORD10333,2025-09-24,Desk,Furniture,North,Small Business,6,11000.0,0.05,62700.0,48063.33,14636.67,2025-09-24,2025-09
ORD10094,2025-09-25,Desk,Furniture,East,Consumer,9,11000.0,0.05,94050.0,62724.62,31325.38,2025-09-25,2025-09
ORD10210,2025-09-25,Tablet,Electronics,West,Small Business,10,22000.0,0.1,198000.0,131281.99,66718.01,2025-09-25,2025-09
ORD10173,2025-09-25,Keyboard,Accessories,East,Small Business,1,1500.0,0.05,1425.0,900.08,524.92,2025-09-25,2025-09
ORD10061,2025-09-27,Monitor,Electronics,North,Consumer,5,14000.0,0.1,63000.0,41915.87,21084.13,2025-09-27,2025-09
ORD10025,2025-09-29,Office Chair,Furniture,South,Small Business,1,8500.0,0.05,8075.0,6084.59,1990.41,2025-09-29,2025-09
ORD10023,2025-09-30,Desk,Furniture,North,Small Business,1,11000.0,0.0,11000.0,8629.75,2370.25,2025-09-30,2025-09
ORD10321,2025-09-30,Mouse,Accessories,West,Small Business,3,800.0,0.0,2400.0,1573.17,826.83,2025-09-30,2025-09
ORD10525,2025-10-01,Headphones,Accessories,East,Small Business,1,2500.0,0.15,2125.0,1403.08,721.92,2025-10-01,2025-10
ORD10065,2025-10-02,Smartphone,Electronics,West,Small Business,7,28000.0,0.05,186200.0,117961.89,68238.11,2025-10-02,2025-10
ORD10100,2025-10-03,Printer,Office,North,Consumer,3,12000.0,0.1,32400.0,25544.38,6855.62,2025-10-03,2025-10
ORD10374,2025-10-04,Tablet,Electronics,South,Small Business,6,22000.0,0.05,125400.0,95857.54,29542.46,2025-10-04,2025-10
ORD10010,2025-10-04,Keyboard,Accessories,East,Corporate,8,1500.0,0.05,11400.0,8439.67,2960.33,2025-10-04,2025-10
ORD10223,2025-10-04,Office Chair,Furniture,North,Corporate,5,8500.0,0.0,42500.0,27625.41,14874.59,2025-10-04,2025-10
ORD10294,2025-10-05,Tablet,Electronics,East,Corporate,5,22000.0,0.0,110000.0,82642.53,27357.47,2025-10-05,2025-10
ORD10021,2025-10-06,Keyboard,Accessories,North,Consumer,4,1500.0,0.0,6000.0,4656.63,1343.37,2025-10-06,2025-10
ORD10219,2025-10-06,Smartphone,Electronics,South,Consumer,1,28000.0,0.1,25200.0,17914.06,7285.94,2025-10-06,2025-10
ORD10315,2025-10-07,Mouse,Accessories,North,Small Business,9,800.0,0.0,7200.0,5551.26,1648.74,2025-10-07,2025-10
ORD10441,2025-10-08,Headphones,Accessories,South,Corporate,9,2500.0,0.15,19125.0,13610.06,5514.94,2025-10-08,2025-10
ORD10059,2025-10-08,Mouse,Accessories,West,Corporate,1,800.0,0.0,800.0,526.7,273.3,2025-10-08,2025-10
ORD10138,2025-10-10,Keyboard,Accessories,South,Corporate,8,1500.0,0.1,10800.0,8197.09,2602.91,2025-10-10,2025-10
ORD10327,2025-10-11,Laptop,Electronics,East,Consumer,2,55000.0,0.05,104500.0,67543.13,36956.87,2025-10-11,2025-10
ORD10066,2025-10-11,Desk,Furniture,North,Corporate,5,11000.0,0.1,49500.0,38613.53,10886.47,2025-10-11,2025-10
ORD10077,2025-10-13,Office Chair,Furniture,North,Small Business,4,8500.0,0.1,30600.0,22385.63,8214.37,2025-10-13,2025-10
ORD10377,2025-10-13,Monitor,Electronics,West,Small Business,4,14000.0,0.0,56000.0,39105.09,16894.91,2025-10-13,2025-10
ORD10367,2025-10-14,Printer,Office,South,Corporate,6,12000.0,0.0,72000.0,49347.82,22652.18,2025-10-14,2025-10
ORD10024,2025-10-16,Mouse,Accessories,West,Consumer,9,800.0,0.0,7200.0,5074.18,2125.82,2025-10-16,2025-10
ORD10428,2025-10-17,Keyboard,Accessories,West,Small Business,6,1500.0,0.0,9000.0,5627.15,3372.85,2025-10-17,2025-10
ORD10244,2025-10-17,Printer,Office,West,Small Business,3,12000.0,0.1,32400.0,25888.36,6511.64,2025-10-17,2025-10
ORD10466,2025-10-17,Desk,Furniture,East,Small Business,5,11000.0,0.1,49500.0,38379.43,11120.57,2025-10-17,2025-10
ORD10409,2025-10-17,Tablet,Electronics,West,Corporate,10,22000.0,0.1,198000.0,126268.58,71731.42,2025-10-17,2025-10
ORD10147,2025-10-18,Office Chair,Furniture,South,Corporate,10,8500.0,0.15,72250.0,53555.35,18694.65,2025-10-18,2025-10
ORD10389,2025-10-19,Keyboard,Accessories,East,Corporate,4,1500.0,0.05,5700.0,4195.18,1504.82,2025-10-19,2025-10
ORD10501,2025-10-20,Office Chair,Furniture,South,Corporate,7,8500.0,0.05,56525.0,40962.43,15562.57,2025-10-20,2025-10
ORD10222,2025-10-21,Office Chair,Furniture,North,Consumer,9,8500.0,0.05,72675.0,52155.08,20519.92,2025-10-21,2025-10
ORD10473,2025-10-21,Desk,Furniture,West,Small Business,4,11000.0,0.05,41800.0,30367.04,11432.96,2025-10-21,2025-10
ORD10429,2025-10-22,Monitor,Electronics,East,Small Business,7,14000.0,0.15,83300.0,52049.03,31250.97,2025-10-22,2025-10
ORD10207,2025-10-23,Monitor,Electronics,East,Corporate,4,14000.0,0.1,50400.0,38911.72,11488.28,2025-10-23,2025-10
ORD10310,2025-10-27,Laptop,Electronics,West,Consumer,3,55000.0,0.05,156750.0,122764.94,33985.06,2025-10-27,2025-10
ORD10109,2025-10-28,Mouse,Accessories,West,Small Business,2,800.0,0.1,1440.0,903.21,536.79,2025-10-28,2025-10
ORD10176,2025-10-28,Laptop,Electronics,West,Consumer,3,55000.0,0.1,148500.0,112712.55,35787.45,2025-10-28,2025-10
ORD10043,2025-10-29,Desk,Furniture,East,Corporate,1,11000.0,0.05,10450.0,8543.47,1906.53,2025-10-29,2025-10
ORD10150,2025-10-29,Office Chair,Furniture,North,Corporate,5,8500.0,0.05,40375.0,29090.72,11284.28,2025-10-29,2025-10
ORD10379,2025-10-30,Desk,Furniture,North,Consumer,8,11000.0,0.0,88000.0,66802.88,21197.12,2025-10-30,2025-10
ORD10507,2025-10-30,Tablet,Electronics,South,Corporate,1,22000.0,0.1,19800.0,14428.41,5371.59,2025-10-30,2025-10
ORD10099,2025-10-31,Office Chair,Furniture,South,Corporate,2,8500.0,0.05,16150.0,11757.06,4392.94,2025-10-31,2025-10
ORD10504,2025-10-31,Monitor,Electronics,East,Corporate,10,14000.0,0.0,140000.0,107038.8,32961.2,2025-10-31,2025-10
ORD10345,2025-10-31,Laptop,Electronics,North,Small Business,3,55000.0,0.0,165000.0,102607.94,62392.06,2025-10-31,2025-10
ORD10299,2025-11-01,Tablet,Electronics,South,Consumer,6,22000.0,0.1,118800.0,82498.69,36301.31,2025-11-01,2025-11
ORD10017,2025-11-03,Smartphone,Electronics,East,Consumer,10,28000.0,0.0,280000.0,220632.23,59367.77,2025-11-03,2025-11
ORD10579,2025-11-03,Office Chair,Furniture,South,Small Business,2,8500.0,0.0,17000.0,13272.25,3727.75,2025-11-03,2025-11
ORD10213,2025-11-07,Headphones,Accessories,East,Corporate,2,2500.0,0.05,4750.0,3872.08,877.92,2025-11-07,2025-11
ORD10042,2025-11-09,Smartphone,Electronics,North,Small Business,6,28000.0,0.0,168000.0,120851.37,47148.63,2025-11-09,2025-11
ORD10540,2025-11-09,Laptop,Electronics,West,Consumer,7,55000.0,0.0,385000.0,243720.75,141279.25,2025-11-09,2025-11
ORD10440,2025-11-09,Printer,Office,North,Small Business,10,12000.0,0.0,120000.0,93663.44,26336.56,2025-11-09,2025-11
ORD10019,2025-11-10,Mouse,Accessories,North,Corporate,5,800.0,0.0,4000.0,2762.74,1237.26,2025-11-10,2025-11
ORD10155,2025-11-14,Office Chair,Furniture,South,Small Business,5,8500.0,0.0,42500.0,26569.4,15930.6,2025-11-14,2025-11
ORD10372,2025-11-16,Mouse,Accessories,North,Consumer,1,800.0,0.1,720.0,499.44,220.56,2025-11-16,2025-11
ORD10079,2025-11-16,Laptop,Electronics,North,Small Business,1,55000.0,0.05,52250.0,37256.4,14993.6,2025-11-16,2025-11
ORD10434,2025-11-17,Tablet,Electronics,North,Corporate,5,22000.0,0.1,99000.0,80005.45,18994.55,2025-11-17,2025-11
ORD10421,2025-11-18,Monitor,Electronics,South,Corporate,5,14000.0,0.05,66500.0,52399.37,14100.63,2025-11-18,2025-11
ORD10363,2025-11-19,Mouse,Accessories,West,Small Business,5,800.0,0.05,3800.0,2922.76,877.24,2025-11-19,2025-11
ORD10103,2025-11-20,Headphones,Accessories,East,Small Business,2,2500.0,0.1,4500.0,2870.21,1629.79,2025-11-20,2025-11
ORD10185,2025-11-20,Tablet,Electronics,East,Consumer,8,22000.0,0.0,176000.0,127051.66,48948.34,2025-11-20,2025-11
ORD10478,2025-11-21,Office Chair,Furniture,East,Corporate,7,8500.0,0.1,53550.0,40310.19,13239.81,2025-11-21,2025-11
ORD10098,2025-11-21,Headphones,Accessories,West,Corporate,5,2500.0,0.0,12500.0,10067.5,2432.5,2025-11-21,2025-11
ORD10259,2025-11-21,Office Chair,Furniture,South,Corporate,3,8500.0,0.1,22950.0,18619.34,4330.66,2025-11-21,2025-11
ORD10528,2025-11-22,Keyboard,Accessories,East,Corporate,3,1500.0,0.1,4050.0,2778.47,1271.53,2025-11-22,2025-11
ORD10386,2025-11-23,Desk,Furniture,East,Consumer,4,11000.0,0.1,39600.0,28361.31,11238.69,2025-11-23,2025-11
ORD10068,2025-11-23,Printer,Office,East,Consumer,5,12000.0,0.05,57000.0,41496.14,15503.86,2025-11-23,2025-11
ORD10518,2025-11-25,Keyboard,Accessories,West,Consumer,7,1500.0,0.05,9975.0,7272.64,2702.36,2025-11-25,2025-11
ORD10359,2025-11-25,Mouse,Accessories,East,Small Business,4,800.0,0.0,3200.0,2338.7,861.3,2025-11-25,2025-11
ORD10582,2025-11-27,Printer,Office,North,Consumer,9,12000.0,0.0,108000.0,75983.64,32016.36,2025-11-27,2025-11
ORD10191,2025-11-28,Monitor,Electronics,South,Corporate,10,14000.0,0.0,140000.0,101557.16,38442.84,2025-11-28,2025-11
ORD10170,2025-11-28,Smartphone,Electronics,East,Consumer,1,28000.0,0.0,28000.0,17703.56,10296.44,2025-11-28,2025-11
ORD10113,2025-11-28,Keyboard,Accessories,East,Consumer,1,1500.0,0.15,1275.0,812.85,462.15,2025-11-28,2025-11
ORD10165,2025-11-29,Laptop,Electronics,North,Corporate,10,55000.0,0.0,550000.0,411490.89,138509.11,2025-11-29,2025-11
ORD10083,2025-11-30,Printer,Office,South,Consumer,7,12000.0,0.1,75600.0,49522.58,26077.42,2025-11-30,2025-11
ORD10443,2025-12-03,Laptop,Electronics,West,Corporate,4,55000.0,0.05,209000.0,135159.46,73840.54,2025-12-03,2025-12
ORD10361,2025-12-03,Monitor,Electronics,North,Corporate,9,14000.0,0.0,126000.0,97296.97,28703.03,2025-12-03,2025-12
ORD10018,2025-12-04,Printer,Office,West,Consumer,2,12000.0,0.05,22800.0,18240.11,4559.89,2025-12-04,2025-12
ORD10154,2025-12-07,Printer,Office,North,Small Business,6,12000.0,0.0,72000.0,45621.68,26378.32,2025-12-07,2025-12
ORD10307,2025-12-07,Monitor,Electronics,West,Small Business,9,14000.0,0.1,113400.0,90423.46,22976.54,2025-12-07,2025-12
ORD10475,2025-12-09,Smartphone,Electronics,West,Small Business,6,28000.0,0.0,168000.0,115830.74,52169.26,2025-12-09,2025-12
ORD10183,2025-12-09,Laptop,Electronics,North,Consumer,2,55000.0,0.05,104500.0,79256.17,25243.83,2025-12-09,2025-12
ORD10110,2025-12-09,Tablet,Electronics,East,Consumer,4,22000.0,0.05,83600.0,56900.31,26699.69,2025-12-09,2025-12
ORD10302,2025-12-09,Printer,Office,North,Corporate,1,12000.0,0.1,10800.0,8019.95,2780.05,2025-12-09,2025-12
ORD10268,2025-12-10,Monitor,Electronics,West,Corporate,6,14000.0,0.15,71400.0,45673.09,25726.91,2025-12-10,2025-12
ORD10159,2025-12-10,Desk,Furniture,West,Small Business,9,11000.0,0.0,99000.0,80503.28,18496.72,2025-12-10,2025-12
ORD10132,2025-12-13,Headphones,Accessories,East,Small Business,2,2500.0,0.0,5000.0,3905.93,1094.07,2025-12-13,2025-12
ORD10125,2025-12-14,Laptop,Electronics,West,Consumer,1,55000.0,0.0,55000.0,36393.62,18606.38,2025-12-14,2025-12
ORD10371,2025-12-15,Monitor,Electronics,North,Small Business,10,14000.0,0.05,133000.0,108962.49,24037.51,2025-12-15,2025-12
ORD10206,2025-12-16,Monitor,Electronics,South,Small Business,1,14000.0,0.05,13300.0,8937.1,4362.9,2025-12-16,2025-12
ORD10054,2025-12-20,Smartphone,Electronics,North,Corporate,3,28000.0,0.0,84000.0,61796.9,22203.1,2025-12-20,2025-12
ORD10303,2025-12-20,Laptop,Electronics,West,Small Business,5,55000.0,0.1,247500.0,200132.25,47367.75,2025-12-20,2025-12
ORD10467,2025-12-20,Desk,Furniture,West,Consumer,1,11000.0,0.05,10450.0,6615.62,3834.38,2025-12-20,2025-12
ORD10407,2025-12-21,Tablet,Electronics,South,Small Business,5,22000.0,0.15,93500.0,64107.2,29392.8,2025-12-21,2025-12
ORD10506,2025-12-21,Mouse,Accessories,South,Corporate,2,800.0,0.1,1440.0,1096.66,343.34,2025-12-21,2025-12
ORD10534,2025-12-22,Tablet,Electronics,South,Small Business,6,22000.0,0.05,125400.0,99582.11,25817.89,2025-12-22,2025-12
ORD10214,2025-12-23,Monitor,Electronics,East,Corporate,4,14000.0,0.1,50400.0,39327.49,11072.51,2025-12-23,2025-12
ORD10405,2025-12-24,Mouse,Accessories,West,Consumer,5,800.0,0.0,4000.0,2832.16,1167.84,2025-12-24,2025-12
ORD10413,2025-12-24,Keyboard,Accessories,South,Small Business,6,1500.0,0.05,8550.0,7008.17,1541.83,2025-12-24,2025-12
ORD10419,2025-12-24,Keyboard,Accessories,South,Consumer,1,1500.0,0.1,1350.0,868.95,481.05,2025-12-24,2025-12
ORD10312,2025-12-25,Smartphone,Electronics,West,Small Business,8,28000.0,0.0,224000.0,176803.84,47196.16,2025-12-25,2025-12
ORD10240,2025-12-26,Tablet,Electronics,East,Small Business,8,22000.0,0.0,176000.0,140862.02,35137.98,2025-12-26,2025-12
ORD10133,2025-12-27,Tablet,Electronics,West,Consumer,3,22000.0,0.15,56100.0,43646.14,12453.86,2025-12-27,2025-12
ORD10141,2025-12-28,Desk,Furniture,South,Corporate,4,11000.0,0.0,44000.0,32920.55,11079.45,2025-12-28,2025-12
ORD10156,2025-12-29,Keyboard,Accessories,West,Small Business,6,1500.0,0.0,9000.0,5823.3,3176.7,2025-12-29,2025-12
ORD10273,2025-12-29,Printer,Office,West,Corporate,4,12000.0,0.05,45600.0,29021.41,16578.59,2025-12-29,2025-12
ORD10005,2025-12-30,Headphones,Accessories,East,Consumer,7,2500.0,0.0,17500.0,13670.97,3829.03,2025-12-30,2025-12
ORD10232,2025-12-30,Laptop,Electronics,North,Consumer,1,55000.0,0.0,55000.0,44608.68,10391.32,2025-12-30,2025-12
ORD10300,2025-12-31,Office Chair,Furniture,West,Corporate,7,8500.0,0.1,53550.0,37828.54,15721.46,2025-12-31,2025-12
ORD10355,2025-12-31,Desk,Furniture,West,Consumer,4,11000.0,0.0,44000.0,32700.67,11299.33,2025-12-31,2025-12
ORD10288,2026-01-04,Keyboard,Accessories,South,Small Business,10,1500.0,0.0,15000.0,10178.47,4821.53,2026-01-04,2026-01
ORD10382,2026-01-05,Printer,Office,East,Consumer,2,12000.0,0.0,24000.0,16586.37,7413.63,2026-01-05,2026-01
ORD10576,2026-01-08,Headphones,Accessories,South,Small Business,1,2500.0,0.1,2250.0,1671.88,578.12,2026-01-08,2026-01
ORD10228,2026-01-10,Headphones,Accessories,South,Consumer,8,2500.0,0.0,20000.0,13977.91,6022.09,2026-01-10,2026-01
ORD10416,2026-01-10,Keyboard,Accessories,East,Consumer,9,1500.0,0.0,13500.0,9507.37,3992.63,2026-01-10,2026-01
ORD10071,2026-01-10,Printer,Office,South,Consumer,3,12000.0,0.1,32400.0,23541.57,8858.43,2026-01-10,2026-01
ORD10267,2026-01-11,Laptop,Electronics,North,Consumer,10,55000.0,0.0,550000.0,360152.03,189847.97,2026-01-11,2026-01
ORD10080,2026-01-11,Office Chair,Furniture,North,Corporate,8,8500.0,0.0,68000.0,42977.94,25022.06,2026-01-11,2026-01
ORD10002,2026-01-12,Monitor,Electronics,West,Corporate,6,14000.0,0.1,75600.0,50751.23,24848.77,2026-01-12,2026-01
ORD10200,2026-01-12,Mouse,Accessories,North,Corporate,9,800.0,0.0,7200.0,5520.4,1679.6,2026-01-12,2026-01
ORD10558,2026-01-13,Headphones,Accessories,South,Consumer,5,2500.0,0.1,11250.0,7865.93,3384.07,2026-01-13,2026-01
ORD10192,2026-01-13,Headphones,Accessories,South,Small Business,6,2500.0,0.0,15000.0,10578.25,4421.75,2026-01-13,2026-01
ORD10301,2026-01-14,Keyboard,Accessories,East,Small Business,3,1500.0,0.1,4050.0,2866.92,1183.08,2026-01-14,2026-01
ORD10140,2026-01-15,Monitor,Electronics,West,Consumer,8,14000.0,0.0,112000.0,91293.67,20706.33,2026-01-15,2026-01
ORD10418,2026-01-15,Desk,Furniture,West,Corporate,7,11000.0,0.05,73150.0,56847.08,16302.92,2026-01-15,2026-01
ORD10243,2026-01-15,Monitor,Electronics,North,Consumer,7,14000.0,0.0,98000.0,73683.34,24316.66,2026-01-15,2026-01
ORD10157,2026-01-17,Laptop,Electronics,West,Consumer,1,55000.0,0.1,49500.0,40224.84,9275.16,2026-01-17,2026-01
ORD10308,2026-01-18,Keyboard,Accessories,West,Small Business,2,1500.0,0.05,2850.0,2135.11,714.89,2026-01-18,2026-01
ORD10402,2026-01-19,Laptop,Electronics,East,Consumer,8,55000.0,0.05,418000.0,318322.13,99677.87,2026-01-19,2026-01
ORD10314,2026-01-20,Desk,Furniture,East,Small Business,8,11000.0,0.0,88000.0,58999.44,29000.56,2026-01-20,2026-01
ORD10550,2026-01-22,Keyboard,Accessories,East,Corporate,5,1500.0,0.0,7500.0,6096.71,1403.29,2026-01-22,2026-01
ORD10205,2026-01-22,Tablet,Electronics,West,Consumer,9,22000.0,0.1,178200.0,111168.01,67031.99,2026-01-22,2026-01
ORD10265,2026-01-23,Office Chair,Furniture,West,Consumer,5,8500.0,0.05,40375.0,30373.07,10001.93,2026-01-23,2026-01
ORD10477,2026-01-25,Monitor,Electronics,East,Corporate,1,14000.0,0.05,13300.0,8304.05,4995.95,2026-01-25,2026-01
ORD10569,2026-01-26,Headphones,Accessories,North,Consumer,1,2500.0,0.1,2250.0,1458.32,791.68,2026-01-26,2026-01
ORD10260,2026-01-27,Smartphone,Electronics,East,Small Business,9,28000.0,0.0,252000.0,193410.42,58589.58,2026-01-27,2026-01
ORD10046,2026-01-28,Keyboard,Accessories,South,Corporate,5,1500.0,0.0,7500.0,5256.48,2243.52,2026-01-28,2026-01
ORD10003,2026-01-30,Printer,Office,South,Small Business,6,12000.0,0.0,72000.0,58506.15,13493.85,2026-01-30,2026-01
ORD10336,2026-01-30,Tablet,Electronics,South,Consumer,1,22000.0,0.15,18700.0,13495.27,5204.73,2026-01-30,2026-01
ORD10258,2026-01-30,Tablet,Electronics,East,Consumer,6,22000.0,0.0,132000.0,82159.66,49840.34,2026-01-30,2026-01
ORD10514,2026-02-01,Monitor,Electronics,East,Corporate,9,14000.0,0.1,113400.0,85481.43,27918.57,2026-02-01,2026-02
ORD10163,2026-02-01,Office Chair,Furniture,North,Small Business,10,8500.0,0.15,72250.0,51145.94,21104.06,2026-02-01,2026-02
ORD10073,2026-02-02,Smartphone,Electronics,South,Consumer,5,28000.0,0.05,133000.0,91317.85,41682.15,2026-02-02,2026-02
ORD10548,2026-02-02,Smartphone,Electronics,East,Consumer,2,28000.0,0.0,56000.0,38980.7,17019.3,2026-02-02,2026-02
ORD10351,2026-02-03,Headphones,Accessories,South,Small Business,7,2500.0,0.05,16625.0,12967.74,3657.26,2026-02-03,2026-02
ORD10045,2026-02-05,Desk,Furniture,East,Consumer,1,11000.0,0.05,10450.0,7931.85,2518.15,2026-02-05,2026-02
ORD10488,2026-02-05,Tablet,Electronics,North,Corporate,1,22000.0,0.1,19800.0,14866.53,4933.47,2026-02-05,2026-02
ORD10438,2026-02-07,Keyboard,Accessories,West,Small Business,9,1500.0,0.05,12825.0,10111.06,2713.94,2026-02-07,2026-02
ORD10153,2026-02-08,Mouse,Accessories,West,Small Business,10,800.0,0.0,8000.0,5548.06,2451.94,2026-02-08,2026-02
ORD10127,2026-02-10,Monitor,Electronics,North,Consumer,8,14000.0,0.0,112000.0,72046.61,39953.39,2026-02-10,2026-02
ORD10118,2026-02-10,Headphones,Accessories,East,Small Business,1,2500.0,0.05,2375.0,1684.92,690.08,2026-02-10,2026-02
ORD10350,2026-02-11,Smartphone,Electronics,South,Consumer,3,28000.0,0.0,84000.0,58825.1,25174.9,2026-02-11,2026-02
ORD10052,2026-02-11,Laptop,Electronics,North,Consumer,2,55000.0,0.05,104500.0,66965.89,37534.11,2026-02-11,2026-02
ORD10457,2026-02-12,Smartphone,Electronics,North,Corporate,4,28000.0,0.05,106400.0,67182.12,39217.88,2026-02-12,2026-02
ORD10220,2026-02-12,Printer,Office,West,Consumer,3,12000.0,0.0,36000.0,28399.37,7600.63,2026-02-12,2026-02
ORD10557,2026-02-13,Laptop,Electronics,West,Small Business,4,55000.0,0.0,220000.0,171508.22,48491.78,2026-02-13,2026-02
ORD10593,2026-02-16,Tablet,Electronics,North,Small Business,5,22000.0,0.0,110000.0,84025.78,25974.22,2026-02-16,2026-02
ORD10188,2026-02-16,Desk,Furniture,North,Small Business,3,11000.0,0.0,33000.0,24520.45,8479.55,2026-02-16,2026-02
ORD10455,2026-02-16,Printer,Office,South,Consumer,9,12000.0,0.0,108000.0,87622.88,20377.12,2026-02-16,2026-02
ORD10404,2026-02-18,Keyboard,Accessories,North,Corporate,4,1500.0,0.0,6000.0,4340.72,1659.28,2026-02-18,2026-02
ORD10304,2026-02-20,Keyboard,Accessories,West,Corporate,2,1500.0,0.05,2850.0,1904.19,945.81,2026-02-20,2026-02
ORD10348,2026-02-21,Headphones,Accessories,West,Consumer,6,2500.0,0.0,15000.0,12275.43,2724.57,2026-02-21,2026-02
ORD10014,2026-02-21,Tablet,Electronics,South,Corporate,4,22000.0,0.0,88000.0,58291.99,29708.01,2026-02-21,2026-02
ORD10211,2026-02-23,Tablet,Electronics,South,Small Business,3,22000.0,0.05,62700.0,39025.99,23674.01,2026-02-23,2026-02
ORD10253,2026-02-23,Mouse,Accessories,North,Small Business,4,800.0,0.0,3200.0,2010.67,1189.33,2026-02-23,2026-02
ORD10226,2026-02-24,Desk,Furniture,South,Small Business,10,11000.0,0.05,104500.0,74738.78,29761.22,2026-02-24,2026-02
ORD10186,2026-02-24,Smartphone,Electronics,East,Corporate,3,28000.0,0.0,84000.0,68824.51,15175.49,2026-02-24,2026-02
ORD10567,2026-02-25,Desk,Furniture,North,Small Business,6,11000.0,0.05,62700.0,42346.38,20353.62,2026-02-25,2026-02
ORD10248,2026-02-25,Printer,Office,South,Corporate,4,12000.0,0.05,45600.0,32999.88,12600.12,2026-02-25,2026-02
ORD10487,2026-02-25,Laptop,Electronics,East,Small Business,2,55000.0,0.05,104500.0,70151.48,34348.52,2026-02-25,2026-02
ORD10112,2026-02-28,Tablet,Electronics,East,Small Business,6,22000.0,0.1,118800.0,82212.84,36587.16,2026-02-28,2026-02
ORD10060,2026-02-28,Desk,Furniture,East,Consumer,5,11000.0,0.05,52250.0,35774.23,16475.77,2026-02-28,2026-02
ORD10145,2026-02-28,Laptop,Electronics,West,Consumer,3,55000.0,0.05,156750.0,126113.44,30636.56,2026-02-28,2026-02
ORD10064,2026-03-02,Desk,Furniture,North,Small Business,5,11000.0,0.05,52250.0,37819.17,14430.83,2026-03-02,2026-03
ORD10254,2026-03-03,Printer,Office,East,Consumer,6,12000.0,0.1,64800.0,41274.9,23525.1,2026-03-03,2026-03
ORD10481,2026-03-04,Monitor,Electronics,North,Corporate,3,14000.0,0.0,42000.0,33909.31,8090.69,2026-03-04,2026-03
ORD10227,2026-03-05,Tablet,Electronics,East,Small Business,2,22000.0,0.0,44000.0,30587.82,13412.18,2026-03-05,2026-03
ORD10272,2026-03-06,Printer,Office,West,Small Business,1,12000.0,0.1,10800.0,6741.24,4058.76,2026-03-06,2026-03
ORD10291,2026-03-07,Keyboard,Accessories,South,Consumer,2,1500.0,0.0,3000.0,2209.45,790.55,2026-03-07,2026-03
ORD10111,2026-03-07,Laptop,Electronics,East,Small Business,9,55000.0,0.1,445500.0,299653.33,145846.67,2026-03-07,2026-03
ORD10184,2026-03-07,Laptop,Electronics,West,Corporate,10,55000.0,0.05,522500.0,330459.49,192040.51,2026-03-07,2026-03
ORD10499,2026-03-07,Office Chair,Furniture,West,Consumer,8,8500.0,0.15,57800.0,45669.12,12130.88,2026-03-07,2026-03
ORD10093,2026-03-08,Keyboard,Accessories,West,Corporate,5,1500.0,0.0,7500.0,6040.77,1459.23,2026-03-08,2026-03
ORD10148,2026-03-08,Office Chair,Furniture,North,Corporate,3,8500.0,0.0,25500.0,19710.53,5789.47,2026-03-08,2026-03
ORD10266,2026-03-10,Monitor,Electronics,East,Corporate,6,14000.0,0.0,84000.0,55191.29,28808.71,2026-03-10,2026-03
ORD10319,2026-03-11,Printer,Office,North,Small Business,5,12000.0,0.0,60000.0,46517.37,13482.63,2026-03-11,2026-03
ORD10436,2026-03-13,Laptop,Electronics,West,Small Business,10,55000.0,0.05,522500.0,368849.14,153650.86,2026-03-13,2026-03
ORD10075,2026-03-13,Printer,Office,North,Small Business,1,12000.0,0.0,12000.0,9825.93,2174.07,2026-03-13,2026-03
ORD10114,2026-03-14,Tablet,Electronics,West,Small Business,8,22000.0,0.0,176000.0,142100.92,33899.08,2026-03-14,2026-03
ORD10224,2026-03-14,Smartphone,Electronics,South,Consumer,6,28000.0,0.1,151200.0,103562.2,47637.8,2026-03-14,2026-03
ORD10532,2026-03-14,Desk,Furniture,North,Small Business,4,11000.0,0.0,44000.0,35004.9,8995.1,2026-03-14,2026-03
ORD10245,2026-03-16,Mouse,Accessories,West,Corporate,3,800.0,0.05,2280.0,1703.92,576.08,2026-03-16,2026-03
ORD10261,2026-03-16,Smartphone,Electronics,West,Consumer,2,28000.0,0.0,56000.0,38676.42,17323.58,2026-03-16,2026-03
ORD10469,2026-03-17,Tablet,Electronics,West,Corporate,1,22000.0,0.0,22000.0,13787.9,8212.1,2026-03-17,2026-03
ORD10143,2026-03-17,Office Chair,Furniture,North,Corporate,9,8500.0,0.1,68850.0,44511.86,24338.14,2026-03-17,2026-03
ORD10037,2026-03-18,Office Chair,Furniture,West,Small Business,2,8500.0,0.05,16150.0,11973.91,4176.09,2026-03-18,2026-03
ORD10269,2026-03-19,Laptop,Electronics,West,Small Business,4,55000.0,0.0,220000.0,165453.32,54546.68,2026-03-19,2026-03
ORD10364,2026-03-19,Mouse,Accessories,East,Consumer,7,800.0,0.1,5040.0,3328.9,1711.1,2026-03-19,2026-03
ORD10053,2026-03-19,Monitor,Electronics,South,Corporate,9,14000.0,0.0,126000.0,96373.34,29626.66,2026-03-19,2026-03
ORD10252,2026-03-20,Monitor,Electronics,North,Corporate,4,14000.0,0.05,53200.0,40221.62,12978.38,2026-03-20,2026-03
ORD10174,2026-03-21,Laptop,Electronics,East,Consumer,8,55000.0,0.05,418000.0,342330.82,75669.18,2026-03-21,2026-03
ORD10102,2026-03-21,Laptop,Electronics,West,Corporate,6,55000.0,0.05,313500.0,233468.82,80031.18,2026-03-21,2026-03
ORD10447,2026-03-22,Tablet,Electronics,North,Small Business,2,22000.0,0.15,37400.0,26455.64,10944.36,2026-03-22,2026-03
ORD10274,2026-03-24,Headphones,Accessories,West,Consumer,1,2500.0,0.0,2500.0,2033.93,466.07,2026-03-24,2026-03
ORD10142,2026-03-25,Headphones,Accessories,East,Small Business,8,2500.0,0.1,18000.0,14120.93,3879.07,2026-03-25,2026-03
ORD10422,2026-03-26,Laptop,Electronics,South,Small Business,10,55000.0,0.05,522500.0,364060.54,158439.46,2026-03-26,2026-03
ORD10196,2026-03-26,Printer,Office,South,Corporate,7,12000.0,0.05,79800.0,52582.18,27217.82,2026-03-26,2026-03
ORD10004,2026-03-26,Keyboard,Accessories,East,Corporate,3,1500.0,0.0,4500.0,3225.19,1274.81,2026-03-26,2026-03
ORD10233,2026-03-27,Smartphone,Electronics,East,Consumer,5,28000.0,0.05,133000.0,103391.63,29608.37,2026-03-27,2026-03
ORD10430,2026-03-27,Smartphone,Electronics,South,Corporate,3,28000.0,0.0,84000.0,66052.51,17947.49,2026-03-27,2026-03
ORD10498,2026-03-28,Headphones,Accessories,South,Small Business,1,2500.0,0.05,2375.0,1591.71,783.29,2026-03-28,2026-03
ORD10482,2026-03-28,Desk,Furniture,South,Corporate,8,11000.0,0.0,88000.0,55479.74,32520.26,2026-03-28,2026-03
ORD10179,2026-03-29,Smartphone,Electronics,East,Consumer,6,28000.0,0.1,151200.0,98045.62,53154.38,2026-03-29,2026-03
ORD10203,2026-03-30,Office Chair,Furniture,West,Corporate,6,8500.0,0.0,51000.0,35864.77,15135.23,2026-03-30,2026-03
ORD10031,2026-03-30,Office Chair,Furniture,East,Small Business,3,8500.0,0.05,24225.0,18589.65,5635.35,2026-03-30,2026-03
ORD10124,2026-03-31,Headphones,Accessories,West,Corporate,10,2500.0,0.05,23750.0,18769.27,4980.73,2026-03-31,2026-03
ORD10511,2026-03-31,Tablet,Electronics,North,Consumer,7,22000.0,0.1,138600.0,90527.27,48072.73,2026-03-31,2026-03
ORD10451,2026-04-01,Keyboard,Accessories,West,Consumer,1,1500.0,0.0,1500.0,1113.07,386.93,2026-04-01,2026-04
ORD10585,2026-04-01,Keyboard,Accessories,East,Small Business,4,1500.0,0.0,6000.0,4481.61,1518.39,2026-04-01,2026-04
ORD10171,2026-04-01,Tablet,Electronics,South,Consumer,10,22000.0,0.0,220000.0,170753.51,49246.49,2026-04-01,2026-04
ORD10006,2026-04-02,Desk,Furniture,East,Consumer,9,11000.0,0.1,89100.0,65047.04,24052.96,2026-04-02,2026-04
ORD10580,2026-04-02,Laptop,Electronics,West,Consumer,9,55000.0,0.1,445500.0,321223.92,124276.08,2026-04-02,2026-04
ORD10520,2026-04-04,Office Chair,Furniture,East,Consumer,6,8500.0,0.05,48450.0,35005.15,13444.85,2026-04-04,2026-04
ORD10044,2026-04-05,Office Chair,Furniture,North,Small Business,2,8500.0,0.05,16150.0,10453.7,5696.3,2026-04-05,2026-04
ORD10076,2026-04-10,Desk,Furniture,North,Corporate,3,11000.0,0.05,31350.0,23586.73,7763.27,2026-04-10,2026-04
ORD10353,2026-04-10,Tablet,Electronics,West,Consumer,8,22000.0,0.1,158400.0,115793.09,42606.91,2026-04-10,2026-04
ORD10563,2026-04-10,Tablet,Electronics,South,Consumer,5,22000.0,0.0,110000.0,85651.75,24348.25,2026-04-10,2026-04
ORD10464,2026-04-11,Printer,Office,South,Consumer,10,12000.0,0.05,114000.0,87994.28,26005.72,2026-04-11,2026-04
ORD10139,2026-04-12,Mouse,Accessories,West,Small Business,4,800.0,0.1,2880.0,1984.95,895.05,2026-04-12,2026-04
ORD10097,2026-04-14,Office Chair,Furniture,East,Corporate,5,8500.0,0.0,42500.0,34786.11,7713.89,2026-04-14,2026-04
ORD10463,2026-04-16,Desk,Furniture,West,Small Business,6,11000.0,0.05,62700.0,42284.25,20415.75,2026-04-16,2026-04
ORD10489,2026-04-16,Monitor,Electronics,North,Small Business,3,14000.0,0.05,39900.0,26318.82,13581.18,2026-04-16,2026-04
ORD10597,2026-04-16,Smartphone,Electronics,North,Corporate,6,28000.0,0.0,168000.0,110457.04,57542.96,2026-04-16,2026-04
ORD10423,2026-04-19,Keyboard,Accessories,North,Consumer,4,1500.0,0.05,5700.0,4185.93,1514.07,2026-04-19,2026-04
ORD10256,2026-04-20,Tablet,Electronics,South,Consumer,1,22000.0,0.15,18700.0,11863.6,6836.4,2026-04-20,2026-04
ORD10338,2026-04-21,Office Chair,Furniture,South,Corporate,1,8500.0,0.05,8075.0,5919.01,2155.99,2026-04-21,2026-04
ORD10009,2026-04-21,Printer,Office,West,Consumer,6,12000.0,0.05,68400.0,55423.2,12976.8,2026-04-21,2026-04
ORD10091,2026-04-22,Tablet,Electronics,East,Small Business,1,22000.0,0.0,22000.0,16565.61,5434.39,2026-04-22,2026-04
ORD10255,2026-04-24,Monitor,Electronics,South,Consumer,6,14000.0,0.15,71400.0,54497.1,16902.9,2026-04-24,2026-04
ORD10106,2026-04-25,Keyboard,Accessories,South,Small Business,2,1500.0,0.0,3000.0,2355.64,644.36,2026-04-25,2026-04
ORD10369,2026-04-25,Keyboard,Accessories,West,Small Business,10,1500.0,0.0,15000.0,10216.81,4783.19,2026-04-25,2026-04
ORD10105,2026-04-27,Printer,Office,North,Corporate,2,12000.0,0.0,24000.0,15493.02,8506.98,2026-04-27,2026-04
ORD10027,2026-04-28,Desk,Furniture,West,Small Business,4,11000.0,0.05,41800.0,31131.46,10668.54,2026-04-28,2026-04
ORD10316,2026-04-28,Desk,Furniture,South,Small Business,5,11000.0,0.05,52250.0,37207.64,15042.36,2026-04-28,2026-04
ORD10450,2026-04-29,Tablet,Electronics,North,Small Business,2,22000.0,0.0,44000.0,28678.39,15321.61,2026-04-29,2026-04
ORD10577,2026-04-29,Laptop,Electronics,West,Small Business,9,55000.0,0.0,495000.0,315162.94,179837.06,2026-04-29,2026-04
ORD10280,2026-04-30,Headphones,Accessories,North,Consumer,3,2500.0,0.0,7500.0,4832.08,2667.92,2026-04-30,2026-04
ORD10187,2026-04-30,Keyboard,Accessories,West,Small Business,7,1500.0,0.0,10500.0,8219.34,2280.66,2026-04-30,2026-04
ORD10263,2026-05-01,Mouse,Accessories,West,Small Business,10,800.0,0.05,7600.0,5243.55,2356.45,2026-05-01,2026-05
ORD10337,2026-05-02,Smartphone,Electronics,South,Corporate,9,28000.0,0.0,252000.0,171236.44,80763.56,2026-05-02,2026-05
ORD10385,2026-05-03,Headphones,Accessories,North,Corporate,4,2500.0,0.0,10000.0,7376.4,2623.6,2026-05-03,2026-05
ORD10531,2026-05-03,Headphones,Accessories,East,Small Business,4,2500.0,0.1,9000.0,5948.79,3051.21,2026-05-03,2026-05
ORD10298,2026-05-04,Mouse,Accessories,North,Corporate,8,800.0,0.0,6400.0,4255.51,2144.49,2026-05-04,2026-05
ORD10590,2026-05-04,Keyboard,Accessories,West,Corporate,5,1500.0,0.05,7125.0,4435.47,2689.53,2026-05-04,2026-05
ORD10129,2026-05-07,Headphones,Accessories,North,Small Business,2,2500.0,0.0,5000.0,3480.62,1519.38,2026-05-07,2026-05
ORD10096,2026-05-09,Desk,Furniture,South,Corporate,7,11000.0,0.05,73150.0,47582.85,25567.15,2026-05-09,2026-05
ORD10366,2026-05-09,Laptop,Electronics,South,Consumer,4,55000.0,0.1,198000.0,137330.45,60669.55,2026-05-09,2026-05
ORD10164,2026-05-09,Monitor,Electronics,South,Small Business,9,14000.0,0.0,126000.0,80782.75,45217.25,2026-05-09,2026-05
ORD10508,2026-05-11,Laptop,Electronics,South,Consumer,7,55000.0,0.05,365750.0,232743.21,133006.79,2026-05-11,2026-05
ORD10306,2026-05-12,Laptop,Electronics,South,Corporate,8,55000.0,0.0,440000.0,290177.4,149822.6,2026-05-12,2026-05
ORD10352,2026-05-14,Mouse,Accessories,East,Corporate,3,800.0,0.05,2280.0,1506.64,773.36,2026-05-14,2026-05
ORD10313,2026-05-14,Office Chair,Furniture,South,Corporate,6,8500.0,0.05,48450.0,38943.4,9506.6,2026-05-14,2026-05
ORD10292,2026-05-15,Tablet,Electronics,East,Corporate,4,22000.0,0.0,88000.0,67726.09,20273.91,2026-05-15,2026-05
ORD10570,2026-05-16,Tablet,Electronics,East,Small Business,10,22000.0,0.05,209000.0,138024.25,70975.75,2026-05-16,2026-05
ORD10056,2026-05-16,Monitor,Electronics,East,Corporate,5,14000.0,0.0,70000.0,44511.87,25488.13,2026-05-16,2026-05
ORD10503,2026-05-17,Laptop,Electronics,South,Small Business,10,55000.0,0.1,495000.0,392053.83,102946.17,2026-05-17,2026-05
ORD10565,2026-05-17,Headphones,Accessories,South,Consumer,4,2500.0,0.05,9500.0,7518.64,1981.36,2026-05-17,2026-05
ORD10584,2026-05-19,Mouse,Accessories,West,Small Business,6,800.0,0.0,4800.0,3617.2,1182.8,2026-05-19,2026-05
ORD10221,2026-05-20,Laptop,Electronics,West,Consumer,10,55000.0,0.0,550000.0,351789.08,198210.92,2026-05-20,2026-05
ORD10121,2026-05-20,Desk,Furniture,South,Consumer,10,11000.0,0.1,99000.0,79583.96,19416.04,2026-05-20,2026-05
ORD10058,2026-05-22,Mouse,Accessories,South,Small Business,6,800.0,0.0,4800.0,3834.42,965.58,2026-05-22,2026-05
ORD10427,2026-05-23,Mouse,Accessories,South,Small Business,1,800.0,0.0,800.0,549.52,250.48,2026-05-23,2026-05
ORD10072,2026-05-23,Keyboard,Accessories,North,Corporate,1,1500.0,0.0,1500.0,1027.3,472.7,2026-05-23,2026-05
ORD10320,2026-05-24,Smartphone,Electronics,East,Corporate,5,28000.0,0.1,126000.0,94655.28,31344.72,2026-05-24,2026-05
ORD10358,2026-05-26,Desk,Furniture,East,Consumer,7,11000.0,0.05,73150.0,56819.87,16330.13,2026-05-26,2026-05
ORD10204,2026-05-29,Mouse,Accessories,North,Small Business,10,800.0,0.1,7200.0,5157.14,2042.86,2026-05-29,2026-05
ORD10087,2026-05-29,Tablet,Electronics,North,Consumer,6,22000.0,0.0,132000.0,84392.26,47607.74,2026-05-29,2026-05
ORD10599,2026-05-31,Laptop,Electronics,East,Consumer,1,55000.0,0.05,52250.0,40954.21,11295.79,2026-05-31,2026-05
ORD10036,2026-05-31,Keyboard,Accessories,West,Corporate,8,1500.0,0.0,12000.0,8980.73,3019.27,2026-05-31,2026-05
ORD10328,2026-06-01,Printer,Office,East,Corporate,8,12000.0,0.0,96000.0,73458.81,22541.19,2026-06-01,2026-06
ORD10339,2026-06-01,Printer,Office,South,Small Business,1,12000.0,0.05,11400.0,8638.66,2761.34,2026-06-01,2026-06
ORD10573,2026-06-03,Monitor,Electronics,North,Corporate,1,14000.0,0.0,14000.0,10512.02,3487.98,2026-06-03,2026-06
ORD10326,2026-06-04,Desk,Furniture,South,Small Business,9,11000.0,0.05,94050.0,61411.17,32638.83,2026-06-04,2026-06
ORD10180,2026-06-04,Mouse,Accessories,North,Consumer,10,800.0,0.15,6800.0,4381.08,2418.92,2026-06-04,2026-06
ORD10497,2026-06-07,Headphones,Accessories,West,Small Business,4,2500.0,0.0,10000.0,6650.63,3349.37,2026-06-07,2026-06
ORD10342,2026-06-08,Office Chair,Furniture,North,Consumer,5,8500.0,0.0,42500.0,32819.53,9680.47,2026-06-08,2026-06
ORD10539,2026-06-09,Desk,Furniture,East,Consumer,10,11000.0,0.1,99000.0,61917.91,37082.09,2026-06-09,2026-06
ORD10546,2026-06-09,Smartphone,Electronics,West,Small Business,4,28000.0,0.05,106400.0,79944.28,26455.72,2026-06-09,2026-06
ORD10116,2026-06-11,Keyboard,Accessories,North,Small Business,10,1500.0,0.0,15000.0,10216.57,4783.43,2026-06-11,2026-06
ORD10517,2026-06-12,Keyboard,Accessories,West,Consumer,8,1500.0,0.0,12000.0,9002.34,2997.66,2026-06-12,2026-06
ORD10414,2026-06-12,Laptop,Electronics,South,Consumer,3,55000.0,0.1,148500.0,119783.47,28716.53,2026-06-12,2026-06
ORD10575,2026-06-12,Office Chair,Furniture,East,Consumer,3,8500.0,0.05,24225.0,17152.87,7072.13,2026-06-12,2026-06
ORD10343,2026-06-13,Monitor,Electronics,South,Corporate,8,14000.0,0.0,112000.0,73025.6,38974.4,2026-06-13,2026-06
ORD10160,2026-06-13,Printer,Office,East,Corporate,10,12000.0,0.15,102000.0,72062.96,29937.04,2026-06-13,2026-06
ORD10535,2026-06-17,Headphones,Accessories,South,Corporate,5,2500.0,0.1,11250.0,7512.29,3737.71,2026-06-17,2026-06
ORD10040,2026-06-17,Monitor,Electronics,West,Small Business,8,14000.0,0.1,100800.0,70376.66,30423.34,2026-06-17,2026-06
ORD10309,2026-06-17,Headphones,Accessories,East,Corporate,3,2500.0,0.1,6750.0,4570.97,2179.03,2026-06-17,2026-06
ORD10437,2026-06-17,Printer,Office,East,Corporate,4,12000.0,0.0,48000.0,38138.21,9861.79,2026-06-17,2026-06
ORD10120,2026-06-17,Office Chair,Furniture,South,Small Business,4,8500.0,0.15,28900.0,20898.63,8001.37,2026-06-17,2026-06
ORD10500,2026-06-17,Tablet,Electronics,North,Corporate,7,22000.0,0.0,154000.0,112765.66,41234.34,2026-06-17,2026-06
ORD10400,2026-06-19,Printer,Office,North,Small Business,9,12000.0,0.05,102600.0,70470.57,32129.43,2026-06-19,2026-06
ORD10554,2026-06-20,Laptop,Electronics,East,Small Business,3,55000.0,0.05,156750.0,122040.99,34709.01,2026-06-20,2026-06
ORD10496,2026-06-20,Laptop,Electronics,East,Corporate,3,55000.0,0.05,156750.0,101926.59,54823.41,2026-06-20,2026-06
ORD10126,2026-06-24,Monitor,Electronics,North,Small Business,4,14000.0,0.0,56000.0,45142.67,10857.33,2026-06-24,2026-06
ORD10505,2026-06-24,Office Chair,Furniture,West,Small Business,3,8500.0,0.05,24225.0,15347.35,8877.65,2026-06-24,2026-06
ORD10201,2026-06-24,Mouse,Accessories,East,Consumer,1,800.0,0.05,760.0,588.13,171.87,2026-06-24,2026-06
ORD10530,2026-06-24,Desk,Furniture,North,Consumer,8,11000.0,0.05,83600.0,60516.13,23083.87,2026-06-24,2026-06
ORD10555,2026-06-25,Mouse,Accessories,North,Small Business,7,800.0,0.05,5320.0,3912.96,1407.04,2026-06-25,2026-06
ORD10387,2026-06-26,Keyboard,Accessories,West,Small Business,10,1500.0,0.05,14250.0,10665.63,3584.37,2026-06-26,2026-06
ORD10279,2026-06-26,Mouse,Accessories,South,Small Business,4,800.0,0.15,2720.0,1798.29,921.71,2026-06-26,2026-06
ORD10057,2026-06-26,Smartphone,Electronics,East,Small Business,7,28000.0,0.15,166600.0,106146.13,60453.87,2026-06-26,2026-06
ORD10446,2026-06-28,Smartphone,Electronics,South,Consumer,6,28000.0,0.0,168000.0,120841.09,47158.91,2026-06-28,2026-06
ORD10015,2026-06-30,Mouse,Accessories,West,Consumer,10,800.0,0.05,7600.0,5640.69,1959.31,2026-06-30,2026-06
